mod,noun,full
abstract,concept,abstract concept
academic,achievement,academic achievement
academic,career,academic career
academic,circle,academic circle
academic,community,academic community
academic,debate,academic debate
academic,discipline,academic discipline
academic,discourse,academic discourse
academic,institution,academic institution
academic,journal,academic journal
academic,life,academic life
academic,performance,academic performance
academic,research,academic research
academic,skill,academic skill
academic,study,academic study
academic,success,academic success
academic,work,academic work
academic,world,academic world
academic,write,academic write
academic,year,academic year
accept,responsibility,accept responsibility
acceptable,behaviour,acceptable behaviour
accurate,assessment,accurate assessment
accurate,description,accurate description
accurate,information,accurate information
accurate,measurement,accurate measurement
accurate,picture,accurate picture
accurate,record,accurate record
achieve,goal,achieve goal
achieve,objective,achieve objective
achieve,outcome,achieve outcome
acquire,knowledge,acquire knowledge
active,involvement,active involvement
active,participant,active participant
active,participation,active participation
active,role,active role
acutely,aware,acutely aware
add,information,add information
additional,cost,additional cost
additional,information,additional information
additional,problem,additional problem
additional,resource,additional resource
additional,support,additional support
address,issue,address issue
administrative,practice,administrative practice
adopt,approach,adopt approach
adopt,procedure,adopt procedure
advanced,economy,advanced economy
advanced,technology,advanced technology
adverse,effect,adverse effect
adverse,reaction,adverse reaction
affect,development,affect development
affect,outcome,affect outcome
allocate,resource,allocate resource
allow,access,allow access
almost,identical,almost identical
alternative,approach,alternative approach
alternative,explanation,alternative explanation
alternative,form,alternative form
alternative,interpretation,alternative interpretation
alternative,mean,alternative mean
alternative,method,alternative method
alternative,model,alternative model
alternative,solution,alternative solution
alternative,source,alternative source
alternative,strategy,alternative strategy
alternative,view,alternative view
alternative,way,alternative way
ample,evidence,ample evidence
analytical,approach,analytical approach
analytical,tool,analytical tool
anecdotal,evidence,anecdotal evidence
annual,conference,annual conference
annual,meeting,annual meeting
annual,rate,annual rate
annual,report,annual report
annual,review,annual review
apply,equally,apply equally
apply,method,apply method
apply,theory,apply theory
appropriate,action,appropriate action
appropriate,behaviour,appropriate behaviour
appropriate,condition,appropriate condition
appropriate,datum,appropriate datum
appropriate,form,appropriate form
appropriate,language,appropriate language
appropriate,level,appropriate level
appropriate,point,appropriate point
appropriate,response,appropriate response
appropriate,skill,appropriate skill
appropriate,treatment,appropriate treatment
appropriate,way,appropriate way
armed,conflict,armed conflict
artificial,intelligence,artificial intelligence
assess,impact,assess impact
assessment,process,assessment process
associate,factor,associate factor
assume,responsibility,assume responsibility
assume,role,assume role
atomic,energy,atomic energy
attend,conference,attend conference
available,datum,available datum
available,evidence,available evidence
available,information,available information
available,resource,available resource
average,score,average score
background,knowledge,background knowledge
basic,assumption,basic assumption
basic,component,basic component
basic,concept,basic concept
basic,element,basic element
basic,function,basic function
basic,information,basic information
basic,premise,basic premise
basic,principle,basic principle
basic,research,basic research
basic,structure,basic structure
basic,technique,basic technique
bear,resemblance,bear resemblance
become,apparent,become apparent
become,available,become available
become,aware,become aware
become,blur,become blur
become,establish,become establish
become,evident,become evident
become,focus,become focus
become,independent,become independent
become,involve,become involve
become,obvious,become obvious
become,source,become source
become,visible,become visible
become,widespread,become widespread
begin,process,begin process
behave,differently,behave differently
beneficial,effect,beneficial effect
binary,opposition,binary opposition
binary,system,binary system
biological,evolution,biological evolution
biological,science,biological science
biological,sex,biological sex
brief,account,brief account
brief,description,brief description
brief,discussion,brief discussion
brief,history,brief history
brief,introduction,brief introduction
brief,overview,brief overview
brief,period,brief period
brief,review,brief review
brief,summary,brief summary
brief,time,brief time
broad,agreement,broad agreement
broad,category,broad category
broad,context,broad context
broad,definition,broad definition
broad,range,broad range
broad,spectrum,broad spectrum
broadly,similar,broadly similar
business,sector,business sector
business,transaction,business transaction
capitalist,country,capitalist country
capitalist,economy,capitalist economy
capitalist,society,capitalist society
capitalist,system,capitalist system
capitalist,world,capitalist world
career,development,career development
career,opportunity,career opportunity
careful,analysis,careful analysis
careful,attention,careful attention
careful,consideration,careful consideration
careful,think,careful think
carry,information,carry information
carryout,research,carryout research
carryout,task,carryout task
cast,doubt,cast doubt
causal,link,causal link
causal,relation,causal relation
causal,relationship,causal relationship
cause,consequence,cause consequence
cause,stress,cause stress
central,authority,central authority
central,concept,central concept
central,concern,central concern
central,control,central control
central,core,central core
central,feature,central feature
central,focus,central focus
central,government,central government
central,importance,central importance
central,issue,central issue
central,part,central part
central,point,central point
central,position,central position
central,problem,central problem
central,question,central question
central,role,central role
central,tenet,central tenet
central,theme,central theme
certain,aspect,certain aspect
certain,assumption,certain assumption
certain,characteristic,certain characteristic
certain,circumstance,certain circumstance
change,attitude,change attitude
change,attitude,change attitude
change,circumstance,change circumstance
change,constantly,change constantly
change,dramatically,change dramatically
change,nature,change nature
change,need,change need
change,pattern,change pattern
change,rapidly,change rapidly
change,world,change world
characteristic,feature,characteristic feature
chemical,reaction,chemical reaction
civil,case,civil case
civil,society,civil society
class,consciousness,class consciousness
classic,example,classic example
classic,study,classic study
classic,text,classic text
classic,work,classic work
classical,theory,classical theory
clear,boundary,clear boundary
clear,distinction,clear distinction
clear,evidence,clear evidence
clear,focus,clear focus
clear,indication,clear indication
clear,relationship,clear relationship
clear,statement,clear statement
clear,structure,clear structure
clearly,evident,clearly evident
clearly,important,clearly important
clearly,visible,clearly visible
climate,change,climate change
climatic,condition,climatic condition
close,contact,close contact
close,examination,close examination
close,inspection,close inspection
close,look,close look
close,proximity,close proximity
close,relationship,close relationship
close,scrutiny,close scrutiny
cognitive,ability,cognitive ability
cognitive,development,cognitive development
cognitive,skill,cognitive skill
collaborative,learn,collaborative learn
collect,datum,collect datum
collect,information,collect information
collective,action,collective action
collective,identity,collective identity
collective,memory,collective memory
combine,effect,combine effect
comeinto,conflict,comeinto conflict
comeinto,contact,comeinto contact
commercial,activity,commercial activity
commercial,transaction,commercial transaction
commit,crime,commit crime
commit,offence,commit offence
common,ancestor,common ancestor
common,approach,common approach
common,assumption,common assumption
common,characteristic,common characteristic
common,culture,common culture
common,error,common error
common,feature,common feature
common,goal,common goal
common,method,common method
common,source,common source
common,theme,common theme
common,usage,common usage
communicate,effectively,communicate effectively
comparative,analysis,comparative analysis
comparative,research,comparative research
comparative,study,comparative study
compelling,argument,compelling argument
compelling,evidence,compelling evidence
compelling,reason,compelling reason
competitive,market,competitive market
competitive,pressure,competitive pressure
complete,task,complete task
complex,area,complex area
complex,interaction,complex interaction
complex,issue,complex issue
complex,pattern,complex pattern
complex,problem,complex problem
complex,process,complex process
complex,question,complex question
complex,relationship,complex relationship
complex,set,complex set
complex,situation,complex situation
complex,structure,complex structure
complex,system,complex system
comprehensive,account,comprehensive account
comprehensive,approach,comprehensive approach
comprehensive,overview,comprehensive overview
comprehensive,review,comprehensive review
comprehensive,system,comprehensive system
conceptual,framework,conceptual framework
concert,effort,concert effort
conclude,remark,conclude remark
conclude,section,conclude section
conditional,probability,conditional probability
conduct,analysis,conduct analysis
conduct,interview,conduct interview
conduct,research,conduct research
conduct,study,conduct study
conduct,survey,conduct survey
confidence,interval,confidence interval
conflict,interest,conflict interest
conflict,resolution,conflict resolution
consider,appropriate,consider appropriate
consider,aspect,consider aspect
consider,impact,consider impact
consider,implication,consider implication
consider,issue,consider issue
consider,possibility,consider possibility
consider,relevant,consider relevant
consider,role,consider role
considerable,amount,considerable amount
considerable,attention,considerable attention
considerable,debate,considerable debate
considerable,degree,considerable degree
considerable,detail,considerable detail
considerable,effort,considerable effort
considerable,evidence,considerable evidence
considerable,extent,considerable extent
considerable,importance,considerable importance
considerable,influence,considerable influence
considerable,interest,considerable interest
considerable,research,considerable research
considerable,support,considerable support
considerable,variation,considerable variation
consistent,pattern,consistent pattern
consistent,result,consistent result
constant,rate,constant rate
constituent,element,constituent element
constituent,part,constituent part
contain,element,contain element
contain,information,contain information
contemporary,debate,contemporary debate
contemporary,issue,contemporary issue
contemporary,life,contemporary life
contemporary,society,contemporary society
contemporary,world,contemporary world
contextual,factor,contextual factor
continue,existence,continue existence
continue,growth,continue growth
continue,use,continue use
continuous,process,continuous process
contribute,significantly,contribute significantly
contributeto,development,contributeto development
controversial,issue,controversial issue
conventional,view,conventional view
conventional,wisdom,conventional wisdom
convey,information,convey information
convey,meaning,convey meaning
convey,message,convey message
convince,evidence,convince evidence
cope,strategy,cope strategy
core,area,core area
core,element,core element
core,issue,core issue
core,skill,core skill
core,value,core value
correct,error,correct error
correct,interpretation,correct interpretation
counter,argument,counter argument
cover,area,cover area
cover,range,cover range
cover,topic,cover topic
create,condition,create condition
create,environment,create environment
create,impression,create impression
create,opportunity,create opportunity
create,opportunity,create opportunity
create,problem,create problem
creative,process,creative process
creative,think,creative think
creative,work,creative work
criminal,offence,criminal offence
critical,analysis,critical analysis
critical,approach,critical approach
critical,attention,critical attention
critical,essay,critical essay
critical,evaluation,critical evaluation
critical,examination,critical examination
critical,factor,critical factor
critical,importance,critical importance
critical,inquiry,critical inquiry
critical,introduction,critical introduction
critical,issue,critical issue
critical,perspective,critical perspective
critical,point,critical point
critical,reflection,critical reflection
critical,review,critical review
critical,role,critical role
critical,scrutiny,critical scrutiny
critical,theory,critical theory
critical,think,critical think
critical,write,critical write
crucial,difference,crucial difference
crucial,factor,crucial factor
crucial,importance,crucial importance
crucial,part,crucial part
crucial,point,crucial point
crucial,question,crucial question
crucial,role,crucial role
cultural,activity,cultural activity
cultural,aspect,cultural aspect
cultural,attitude,cultural attitude
cultural,background,cultural background
cultural,boundary,cultural boundary
cultural,change,cultural change
cultural,context,cultural context
cultural,difference,cultural difference
cultural,dimension,cultural dimension
cultural,diversity,cultural diversity
cultural,factor,cultural factor
cultural,heritage,cultural heritage
cultural,history,cultural history
cultural,identity,cultural identity
cultural,influence,cultural influence
cultural,institution,cultural institution
cultural,issue,cultural issue
cultural,life,cultural life
cultural,norm,cultural norm
cultural,perspective,cultural perspective
cultural,phenomenon,cultural phenomenon
cultural,practice,cultural practice
cultural,significance,cultural significance
cultural,theory,cultural theory
cultural,tradition,cultural tradition
cultural,value,cultural value
culturally,specific,culturally specific
current,climate,current climate
current,issue,current issue
current,policy,current policy
current,research,current research
current,status,current status
current,technology,current technology
current,trend,current trend
currently,available,currently available
daily,live,daily live
datum,gathering,datum gathering
datum,set,datum set
deal,issue,deal issue
deem,appropriate,deem appropriate
deem,necessary,deem necessary
deep,level,deep level
deep,understanding,deep understanding
define,characteristic,define characteristic
define,concept,define concept
define,feature,define feature
deliberate,attempt,deliberate attempt
democratic,institution,democratic institution
democratic,process,democratic process
democratic,society,democratic society
democratic,state,democratic state
demographic,change,demographic change
demographic,characteristic,demographic characteristic
demographic,factor,demographic factor
demonstrate,competence,demonstrate competence
deny,access,deny access
dependent,variable,dependent variable
describe,method,describe method
describe,procedure,describe procedure
describe,process,describe process
descriptive,statistic,descriptive statistic
desire,outcome,desire outcome
detail,analysis,detail analysis
detail,examination,detail examination
detail,information,detail information
detail,study,detail study
develop,approach,develop approach
develop,argument,develop argument
develop,method,develop method
develop,strategy,develop strategy
develop,technique,develop technique
develop,theory,develop theory
developmental,process,developmental process
developmental,stage,developmental stage
diagnostic,test,diagnostic test
differ,considerably,differ considerably
differ,significantly,differ significantly
differ,widely,differ widely
digital,information,digital information
digital,medium,digital medium
digital,technology,digital technology
direct,access,direct access
direct,communication,direct communication
direct,consequence,direct consequence
direct,contact,direct contact
direct,evidence,direct evidence
direct,impact,direct impact
direct,involvement,direct involvement
direct,link,direct link
direct,observation,direct observation
direct,relationship,direct relationship
direct,role,direct role
directly,proportional,directly proportional
directly,responsible,directly responsible
disclose,information,disclose information
discuss,issue,discuss issue
discuss,topic,discuss topic
disposable,income,disposable income
distinct,group,distinct group
distinct,type,distinct type
distinctive,feature,distinctive feature
distinguish,feature,distinguish feature
diverse,background,diverse background
diverse,group,diverse group
diverse,range,diverse range
divide,line,divide line
documentary,evidence,documentary evidence
domestic,market,domestic market
domestic,sphere,domestic sphere
domestic,violence,domestic violence
dominant,culture,dominant culture
dominant,discourse,dominant discourse
dominant,form,dominant form
dominant,group,dominant group
dominant,ideology,dominant ideology
dominant,paradigm,dominant paradigm
dominant,position,dominant position
dominant,role,dominant role
dramatic,change,dramatic change
dramatic,effect,dramatic effect
dramatic,increase,dramatic increase
draw,attention,draw attention
draw,conclusion,draw conclusion
draw,distinction,draw distinction
draw,line,draw line
drive,force,drive force
due,process,due process
dynamic,equilibrium,dynamic equilibrium
dynamic,nature,dynamic nature
dynamic,process,dynamic process
dynamic,system,dynamic system
earlier,discussion,earlier discussion
earlier,period,earlier period
earlier,research,earlier research
earlier,stage,earlier stage
earlier,study,earlier study
earlier,time,earlier time
earlier,version,earlier version
earlier,work,earlier work
early,decade,early decade
early,study,early study
easily,accessible,easily accessible
easy,access,easy access
economic,activity,economic activity
economic,affair,economic affair
economic,analysis,economic analysis
economic,benefit,economic benefit
economic,change,economic change
economic,condition,economic condition
economic,consequence,economic consequence
economic,context,economic context
economic,crisis,economic crisis
economic,exploitation,economic exploitation
economic,factor,economic factor
economic,force,economic force
economic,goal,economic goal
economic,growth,economic growth
economic,inequality,economic inequality
economic,integration,economic integration
economic,interest,economic interest
economic,policy,economic policy
economic,power,economic power
economic,prosperity,economic prosperity
economic,reform,economic reform
economic,relation,economic relation
economic,relationship,economic relationship
economic,resource,economic resource
economic,sector,economic sector
economic,stability,economic stability
economic,status,economic status
economic,structure,economic structure
economic,success,economic success
economic,system,economic system
economic,theory,economic theory
economic,value,economic value
economic,welfare,economic welfare
educational,institution,educational institution
educational,opportunity,educational opportunity
educational,policy,educational policy
educational,programme,educational programme
educational,provision,educational provision
educational,qualification,educational qualification
educational,research,educational research
educational,set,educational set
educational,system,educational system
effective,communication,effective communication
effective,implementation,effective implementation
effective,intervention,effective intervention
effective,management,effective management
effective,method,effective method
effective,participation,effective participation
effective,policy,effective policy
effective,treatment,effective treatment
electronic,access,electronic access
electronic,communication,electronic communication
electronic,medium,electronic medium
electronic,resource,electronic resource
electronic,version,electronic version
emotional,impact,emotional impact
emotional,intelligence,emotional intelligence
emotional,reaction,emotional reaction
emotional,response,emotional response
emotional,support,emotional support
empirical,datum,empirical datum
empirical,evidence,empirical evidence
empirical,investigation,empirical investigation
empirical,research,empirical research
empirical,study,empirical study
empirical,support,empirical support
empirical,work,empirical work
employ,method,employ method
employ,technique,employ technique
employment,opportunity,employment opportunity
encounter,difficulty,encounter difficulty
encounter,problem,encounter problem
encourage,development,encourage development
engagein,activity,engagein activity
enhance,learn,enhance learn
enhance,performance,enhance performance
enormous,amount,enormous amount
enormous,impact,enormous impact
entire,period,entire period
entire,range,entire range
entirely,clear,entirely clear
entirely,different,entirely different
entirely,new,entirely new
environmental,change,environmental change
environmental,concern,environmental concern
environmental,consequence,environmental consequence
environmental,damage,environmental damage
environmental,degradation,environmental degradation
environmental,effect,environmental effect
environmental,factor,environmental factor
environmental,impact,environmental impact
environmental,issue,environmental issue
environmental,policy,environmental policy
environmental,pollution,environmental pollution
environmental,protection,environmental protection
equal,access,equal access
equal,opportunity,equal opportunity
equal,status,equal status
equal,treatment,equal treatment
equally,important,equally important
equally,likely,equally likely
equally,valid,equally valid
equally,TRUE,equally TRUE
essential,component,essential component
essential,element,essential element
essential,feature,essential feature
essential,function,essential function
essential,information,essential information
essential,role,essential role
establish,order,establish order
establish,practice,establish practice
establish,principle,establish principle
establish,relationship,establish relationship
ethical,consideration,ethical consideration
ethical,dilemma,ethical dilemma
ethical,issue,ethical issue
ethical,principle,ethical principle
ethical,problem,ethical problem
ethical,question,ethical question
ethnic,community,ethnic community
ethnic,difference,ethnic difference
ethnic,diversity,ethnic diversity
ethnic,group,ethnic group
ethnic,identity,ethnic identity
ethnic,minority,ethnic minority
ethnic,origin,ethnic origin
ever,change,ever change
ever,increase,ever increase
evolutionary,process,evolutionary process
evolutionary,theory,evolutionary theory
examine,role,examine role
exceptional,case,exceptional case
exceptional,circumstance,exceptional circumstance
exercise,authority,exercise authority
exist,datum,exist datum
exist,research,exist research
exist,structure,exist structure
expand,rapidly,expand rapidly
experience,difficulty,experience difficulty
experience,problem,experience problem
experiential,learn,experiential learn
experimental,condition,experimental condition
experimental,datum,experimental datum
experimental,design,experimental design
experimental,evidence,experimental evidence
experimental,method,experimental method
experimental,research,experimental research
experimental,result,experimental result
experimental,study,experimental study
experimental,work,experimental work
expert,opinion,expert opinion
explanatory,power,explanatory power
explore,further,explore further
explore,issue,explore issue
extend,period,extend period
extensive,research,extensive research
external,environment,external environment
external,factor,external factor
external,force,external force
external,influence,external influence
external,source,external source
external,threat,external threat
external,world,external world
extract,datum,extract datum
extract,information,extract information
extremely,complex,extremely complex
extremely,powerful,extremely powerful
extremely,sensitive,extremely sensitive
extremely,useful,extremely useful
extremely,valuable,extremely valuable
face,challenge,face challenge
face,difficulty,face difficulty
face,dilemma,face dilemma
face,discrimination,face discrimination
face,problem,face problem
facial,expression,facial expression
facilitate,development,facilitate development
factual,information,factual information
fair,treatment,fair treatment
fairly,clear,fairly clear
fairly,common,fairly common
fairly,obvious,fairly obvious
fairly,straightforward,fairly straightforward
fallinto,category,fallinto category
federal,agency,federal agency
federal,government,federal government
federal,state,federal state
feminist,movement,feminist movement
field,research,field research
final,analysis,final analysis
final,answer,final answer
final,chapter,final chapter
final,decision,final decision
final,outcome,final outcome
final,phase,final phase
final,point,final point
final,position,final position
final,product,final product
final,result,final result
final,section,final section
final,stage,final stage
final,step,final step
final,version,final version
financial,affair,financial affair
financial,assistance,financial assistance
financial,institution,financial institution
financial,management,financial management
financial,market,financial market
financial,problem,financial problem
financial,resource,financial resource
financial,support,financial support
find,evidence,find evidence
find,information,find information
finite,number,finite number
first,author,first author
first,contact,first contact
first,draft,first draft
first,encounter,first encounter
first,generation,first generation
first,impression,first impression
first,phase,first phase
first,priority,first priority
flexible,approach,flexible approach
flexible,strategy,flexible strategy
focal,point,focal point
focus,attention,focus attention
focuson,aspect,focuson aspect
follow,chapter,follow chapter
follow,format,follow format
follow,instruction,follow instruction
follow,procedure,follow procedure
foreign,currency,foreign currency
foreign,investment,foreign investment
foreign,investor,foreign investor
foreign,policy,foreign policy
formal,structure,formal structure
free,access,free access
free,movement,free movement
freely,available,freely available
fulfil,obligation,fulfil obligation
full,analysis,full analysis
full,employment,full employment
full,information,full information
full,participation,full participation
full,potential,full potential
full,range,full range
fuller,discussion,fuller discussion
fully,aware,fully aware
functional,requirement,functional requirement
fundamental,aspect,fundamental aspect
fundamental,assumption,fundamental assumption
fundamental,change,fundamental change
fundamental,component,fundamental component
fundamental,difference,fundamental difference
fundamental,importance,fundamental importance
fundamental,principle,fundamental principle
fundamental,problem,fundamental problem
fundamental,question,fundamental question
fundamentally,different,fundamentally different
further,analysis,further analysis
further,consideration,further consideration
further,development,further development
further,evidence,further evidence
further,explanation,further explanation
further,information,further information
further,investigation,further investigation
further,research,further research
further,study,further study
future,development,future development
future,prospect,future prospect
future,research,future research
future,study,future study
gain,access,gain access
gain,information,gain information
gain,insight,gain insight
gather,datum,gather datum
gather,information,gather information
gender,equality,gender equality
gender,stereotype,gender stereotype
general,agreement,general agreement
general,approach,general approach
general,argument,general argument
general,aspect,general aspect
general,category,general category
general,conclusion,general conclusion
general,consensus,general consensus
general,definition,general definition
general,feature,general feature
general,formula,general formula
general,overview,general overview
general,principle,general principle
general,statement,general statement
general,tendency,general tendency
general,theory,general theory
general,trend,general trend
genetic,variation,genetic variation
geographic,area,geographic area
geographic,distribution,geographic distribution
geographic,location,geographic location
get,involve,get involve
give,access,give access
give,consent,give consent
give,consideration,give consideration
give,emphasis,give emphasis
give,evidence,give evidence
give,explanation,give explanation
give,feedback,give feedback
give,guidance,give guidance
give,impression,give impression
give,indication,give indication
give,information,give information
give,information,give information
give,insight,give insight
give,overview,give overview
give,period,give period
give,presentation,give presentation
give,priority,give priority
give,treatment,give treatment
global,capitalism,global capitalism
global,context,global context
global,culture,global culture
global,economy,global economy
global,issue,global issue
global,market,global market
global,marketplace,global marketplace
global,medium,global medium
global,network,global network
global,perspective,global perspective
global,shift,global shift
global,structure,global structure
global,trade,global trade
global,village,global village
government,control,government control
government,department,government department
government,expenditure,government expenditure
government,intervention,government intervention
government,policy,government policy
graphical,representation,graphical representation
great,accuracy,great accuracy
great,autonomy,great autonomy
great,awareness,great awareness
great,diversity,great diversity
great,emphasis,great emphasis
great,equality,great equality
great,flexibility,great flexibility
great,impact,great impact
great,likelihood,great likelihood
great,majority,great majority
great,potential,great potential
great,proportion,great proportion
great,range,great range
great,significance,great significance
grow,awareness,grow awareness
grow,rapidly,grow rapidly
grow,trend,grow trend
guide,principle,guide principle
hardly,surprising,hardly surprising
have,access,have access
have,consequence,have consequence
have,limitation,have limitation
have,obligation,have obligation
have,potential,have potential
have,strategy,have strategy
have,tendency,have tendency
heat,debate,heat debate
hierarchical,structure,hierarchical structure
high,concentration,high concentration
high,correlation,high correlation
high,degree,high degree
high,education,high education
high,expectation,high expectation
high,frequency,high frequency
high,incidence,high incidence
high,intensity,high intensity
high,level,high level
high,order,high order
high,percentage,high percentage
high,priority,high priority
high,probability,high probability
high,profile,high profile
high,proportion,high proportion
high,quality,high quality
high,rate,high rate
high,score,high score
high,standard,high standard
high,status,high status
high,turnover,high turnover
high,unemployment,high unemployment
high,value,high value
highly,competitive,highly competitive
highly,complex,highly complex
highly,controversial,highly controversial
highly,critical,highly critical
highly,dependent,highly dependent
highly,desirable,highly desirable
highly,effective,highly effective
highly,efficient,highly efficient
highly,influential,highly influential
highly,likely,highly likely
highly,problematic,highly problematic
highly,relevant,highly relevant
highly,selective,highly selective
highly,sensitive,highly sensitive
highly,significant,highly significant
highly,skilled,highly skilled
highly,sophisticated,highly sophisticated
highly,successful,highly successful
highly,unlikely,highly unlikely
highly,variable,highly variable
historical,account,historical account
historical,analysis,historical analysis
historical,background,historical background
historical,change,historical change
historical,circumstance,historical circumstance
historical,context,historical context
historical,datum,historical datum
historical,development,historical development
historical,event,historical event
historical,evidence,historical evidence
historical,factor,historical factor
historical,interpretation,historical interpretation
historical,knowledge,historical knowledge
historical,period,historical period
historical,perspective,historical perspective
historical,reality,historical reality
historical,record,historical record
historical,root,historical root
historical,study,historical study
historical,write,historical write
historically,specific,historically specific
hold,conference,hold conference
holistic,approach,holistic approach
homogeneous,group,homogeneous group
huge,amount,huge amount
human,activity,human activity
human,behaviour,human behaviour
human,interaction,human interaction
human,society,human society
human,specie,human specie
identify,area,identify area
identify,factor,identify factor
identify,feature,identify feature
identify,issue,identify issue
identify,problem,identify problem
identify,way,identify way
immediate,environment,immediate environment
immediately,apparent,immediately apparent
immediately,follow,immediately follow
immediately,obvious,immediately obvious
immediately,precede,immediately precede
import,good,import good
import,product,import product
impose,constraint,impose constraint
impose,limitation,impose limitation
impose,restriction,impose restriction
improve,performance,improve performance
increase,awareness,increase awareness
increase,awareness,increase awareness
increase,awareness,increase awareness
increase,competition,increase competition
increase,complexity,increase complexity
increase,demand,increase demand
increase,demand,increase demand
increase,dramatically,increase dramatically
increase,emphasis,increase emphasis
increase,importance,increase importance
increase,importance,increase importance
increase,interest,increase interest
increase,interest,increase interest
increase,level,increase level
increase,likelihood,increase likelihood
increase,number,increase number
increase,pressure,increase pressure
increase,pressure,increase pressure
increase,production,increase production
increase,productivity,increase productivity
increase,proportion,increase proportion
increase,risk,increase risk
increase,tendency,increase tendency
increase,trend,increase trend
increasingly,aware,increasingly aware
increasingly,common,increasingly common
increasingly,complex,increasingly complex
increasingly,difficult,increasingly difficult
increasingly,important,increasingly important
increasingly,popular,increasingly popular
increasingly,sophisticated,increasingly sophisticated
independent,state,independent state
independent,variable,independent variable
indigenous,people,indigenous people
indigenous,population,indigenous population
individual,behaviour,individual behaviour
individual,case,individual case
individual,characteristic,individual characteristic
individual,choice,individual choice
individual,component,individual component
individual,difference,individual difference
individual,element,individual element
individual,experience,individual experience
individual,interest,individual interest
individual,item,individual item
individual,need,individual need
individual,response,individual response
individual,responsibility,individual responsibility
individual,right,individual right
individual,variable,individual variable
individual,variation,individual variation
industrial,capitalism,industrial capitalism
industrial,country,industrial country
industrial,development,industrial development
industrial,production,industrial production
industrial,society,industrial society
industrialize,country,industrialize country
industrialize,nation,industrialize nation
infinite,number,infinite number
inform,consent,inform consent
information,flow,information flow
information,gathering,information gathering
information,processing,information processing
information,retrieval,information retrieval
information,sharing,information sharing
initial,period,initial period
initial,phase,initial phase
initial,position,initial position
initial,research,initial research
initial,stage,initial stage
institutional,arrangement,institutional arrangement
institutional,context,institutional context
institutional,framework,institutional framework
institutional,structure,institutional structure
institutional,support,institutional support
integral,part,integral part
integrate,approach,integrate approach
integrate,system,integrate system
intellectual,property,intellectual property
intellectual,work,intellectual work
intensive,study,intensive study
interested,party,interested party
internal,affair,internal affair
internal,conflict,internal conflict
internal,control,internal control
internal,market,internal market
internal,organ,internal organ
internal,structure,internal structure
international,agreement,international agreement
international,body,international body
international,community,international community
international,conference,international conference
international,context,international context
international,journal,international journal
international,organization,international organization
international,treaty,international treaty
internet,access,internet access
interpersonal,relationship,interpersonal relationship
interpersonal,skill,interpersonal skill
interpret,datum,interpret datum
intimate,relationship,intimate relationship
intrinsic,value,intrinsic value
introduce,legislation,introduce legislation
introductory,chapter,introductory chapter
introductory,section,introductory section
introductory,text,introductory text
keenly,aware,keenly aware
key,area,key area
key,aspect,key aspect
key,characteristic,key characteristic
key,component,key component
key,concept,key concept
key,element,key element
key,factor,key factor
key,feature,key feature
key,finding,key finding
key,issue,key issue
key,objective,key objective
key,player,key player
key,policy,key policy
key,principle,key principle
key,role,key role
key,source,key source
key,text,key text
key,theme,key theme
key,topic,key topic
large,majority,large majority
large,part,large part
large,percentage,large percentage
large,portion,large portion
large,proportion,large proportion
large,quantity,large quantity
large,range,large range
largely,responsible,largely responsible
later,work,later work
later,writing,later writing
lead,role,lead role
leadto,conclusion,leadto conclusion
learn,activity,learn activity
learn,difficulty,learn difficulty
learn,environment,learn environment
learn,objective,learn objective
learn,outcome,learn outcome
learn,process,learn process
learn,resource,learn resource
learn,strategy,learn strategy
legal,action,legal action
legal,basis,legal basis
legal,framework,legal framework
legal,issue,legal issue
legal,obligation,legal obligation
legal,position,legal position
legal,proceeding,legal proceeding
legal,protection,legal protection
legal,requirement,legal requirement
legal,right,legal right
legal,rule,legal rule
legal,status,legal status
legal,system,legal system
legislative,measure,legislative measure
legislative,power,legislative power
liberal,democracy,liberal democracy
lifelong,learn,lifelong learn
likely,impact,likely impact
likely,outcome,likely outcome
limit,access,limit access
limit,capacity,limit capacity
limit,information,limit information
limit,opportunity,limit opportunity
limit,range,limit range
limit,resource,limit resource
linear,relationship,linear relationship
literal,interpretation,literal interpretation
literal,meaning,literal meaning
literal,sense,literal sense
literary,text,literary text
literary,tradition,literary tradition
little,evidence,little evidence
little,impact,little impact
little,information,little information
little,research,little research
little,significance,little significance
live,condition,live condition
live,organism,live organism
live,standard,live standard
local,area,local area
local,authority,local authority
local,circumstance,local circumstance
local,community,local community
local,culture,local culture
local,economy,local economy
local,government,local government
logical,approach,logical approach
logical,argument,logical argument
logical,conclusion,logical conclusion
long,duration,long duration
long,establish,long establish
longitudinal,study,longitudinal study
low,class,low class
low,frequency,low frequency
low,income,low income
low,intensity,low intensity
low,level,low level
low,percentage,low percentage
low,priority,low priority
low,probability,low probability
low,profile,low profile
low,quality,low quality
low,status,low status
low,turnover,low turnover
low,unemployment,low unemployment
main,area,main area
main,argument,main argument
main,category,main category
main,characteristic,main characteristic
main,component,main component
main,element,main element
main,factor,main factor
main,feature,main feature
main,finding,main finding
main,focus,main focus
main,function,main function
main,issue,main issue
main,principle,main principle
main,source,main source
main,task,main task
main,theme,main theme
maintain,contact,maintain contact
major,advantage,major advantage
major,area,major area
major,cause,major cause
major,challenge,major challenge
major,change,major change
major,component,major component
major,concern,major concern
major,contribution,major contribution
major,decision,major decision
major,difference,major difference
major,factor,major factor
major,feature,major feature
major,focus,major focus
major,impact,major impact
major,implication,major implication
major,influence,major influence
major,issue,major issue
major,part,major part
major,problem,major problem
major,reason,major reason
major,role,major role
major,shift,major shift
major,source,major source
major,theme,major theme
make,adjustment,make adjustment
make,argument,make argument
make,arrangement,make arrangement
make,assessment,make assessment
make,assumption,make assumption
make,available,make available
make,aware,make aware
make,comment,make comment
make,contact,make contact
make,contribution,make contribution
make,distinction,make distinction
make,explicit,make explicit
make,impact,make impact
make,impression,make impression
make,judgement,make judgement
make,live,make live
make,observation,make observation
make,policy,make policy
make,prediction,make prediction
make,provision,make provision
make,recommendation,make recommendation
make,statement,make statement
make,transition,make transition
make,visible,make visible
male,dominance,male dominance
manual,worker,manual worker
manufacturing,sector,manufacturing sector
mark,contrast,mark contrast
markedly,different,markedly different
maximum,duration,maximum duration
mean,score,mean score
meaningful,way,meaningful way
medical,assistance,medical assistance
medical,treatment,medical treatment
medium,coverage,medium coverage
meet,criterion,meet criterion
meet,expectation,meet expectation
meet,objective,meet objective
meet,requirement,meet requirement
meet,target,meet target
mental,health,mental health
mental,illness,mental illness
mental,state,mental state
methodological,approach,methodological approach
methodological,issue,methodological issue
methodological,problem,methodological problem
metropolitan,area,metropolitan area
middle,income,middle income
middle,management,middle management
migrant,worker,migrant worker
military,action,military action
military,force,military force
military,power,military power
military,service,military service
minimum,level,minimum level
minimum,requirement,minimum requirement
minimum,standard,minimum standard
minimum,value,minimum value
minimum,wage,minimum wage
minor,change,minor change
minor,role,minor role
minority,group,minority group
miss,datum,miss datum
modern,culture,modern culture
modern,method,modern method
modern,society,modern society
modern,technology,modern technology
modify,form,modify form
modify,version,modify version
moral,dilemma,moral dilemma
moral,philosophy,moral philosophy
moral,principle,moral principle
multiple,identity,multiple identity
multiple,source,multiple source
municipal,government,municipal government
mutual,recognition,mutual recognition
mutual,support,mutual support
mutual,trust,mutual trust
mutual,understanding,mutual understanding
mutually,exclusive,mutually exclusive
narrow,definition,narrow definition
narrow,range,narrow range
national,average,national average
national,boundary,national boundary
national,conference,national conference
national,culture,national culture
national,economy,national economy
national,government,national government
national,identity,national identity
national,income,national income
national,institution,national institution
national,interest,national interest
national,language,national language
national,legislation,national legislation
national,market,national market
national,medium,national medium
national,movement,national movement
national,policy,national policy
national,press,national press
national,security,national security
national,survey,national survey
native,speaker,native speaker
natural,condition,natural condition
natural,disaster,natural disaster
natural,environment,natural environment
natural,history,natural history
natural,language,natural language
natural,law,natural law
natural,order,natural order
natural,philosophy,natural philosophy
natural,process,natural process
natural,resource,natural resource
natural,right,natural right
natural,science,natural science
natural,tendency,natural tendency
natural,world,natural world
naturally,occur,naturally occur
necessary,information,necessary information
negative,aspect,negative aspect
negative,attitude,negative attitude
negative,connotation,negative connotation
negative,consequence,negative consequence
negative,correlation,negative correlation
negative,effect,negative effect
negative,feedback,negative feedback
negative,impact,negative impact
negative,outcome,negative outcome
negative,side,negative side
negative,stereotype,negative stereotype
negative,value,negative value
negative,view,negative view
new,initiative,new initiative
new,insight,new insight
new,perspective,new perspective
newly,emerge,newly emerge
newly,establish,newly establish
next,decade,next decade
next,generation,next generation
next,phase,next phase
normal,condition,normal condition
normal,development,normal development
normal,distribution,normal distribution
normal,practice,normal practice
notable,exception,notable exception
nuclear,energy,nuclear energy
nuclear,family,nuclear family
nuclear,power,nuclear power
nuclear,war,nuclear war
nuclear,weapon,nuclear weapon
numerical,datum,numerical datum
numerical,value,numerical value
numerous,study,numerous study
objective,criterion,objective criterion
objective,reality,objective reality
obtain,datum,obtain datum
obtain,information,obtain information
obtain,result,obtain result
obvious,difference,obvious difference
obvious,example,obvious example
obvious,point,obvious point
obvious,reason,obvious reason
occur,frequently,occur frequently
occur,naturally,occur naturally
offer,insight,offer insight
offer,opportunity,offer opportunity
official,statistic,official statistic
ongoing,debate,ongoing debate
ongoing,process,ongoing process
online,access,online access
online,database,online database
online,journal,online journal
online,version,online version
open,access,open access
opening,chapter,opening chapter
opening,section,opening section
opinion,leader,opinion leader
optimal,solution,optimal solution
oral,history,oral history
oral,presentation,oral presentation
organise,principle,organise principle
organizational,structure,organizational structure
original,author,original author
original,context,original context
original,datum,original datum
original,intent,original intent
original,meaning,original meaning
original,model,original model
original,position,original position
original,research,original research
original,source,original source
original,text,original text
original,version,original version
original,work,original work
overall,aim,overall aim
overall,effect,overall effect
overall,level,overall level
overall,performance,overall performance
overall,picture,overall picture
overall,rate,overall rate
overall,structure,overall structure
overwhelming,majority,overwhelming majority
paramount,importance,paramount importance
particular,area,particular area
particular,aspect,particular aspect
particular,emphasis,particular emphasis
particular,feature,particular feature
particular,focus,particular focus
particular,individual,particular individual
particular,meaning,particular meaning
particularly,acute,particularly acute
particularly,apparent,particularly apparent
particularly,appropriate,particularly appropriate
particularly,effective,particularly effective
particularly,evident,particularly evident
particularly,influential,particularly influential
particularly,relevant,particularly relevant
particularly,sensitive,particularly sensitive
particularly,significant,particularly significant
particularly,strike,particularly strike
particularly,successful,particularly successful
particularly,useful,particularly useful
particularly,valuable,particularly valuable
partly,responsible,partly responsible
party,leader,party leader
past,research,past research
pay,employment,pay employment
peace,treaty,peace treaty
perceive,importance,perceive importance
perceive,nee,perceive nee
perceive,threat,perceive threat
perform,function,perform function
perform,study,perform study
perform,task,perform task
personal,choice,personal choice
personal,circumstance,personal circumstance
personal,communication,personal communication
personal,contact,personal contact
personal,control,personal control
personal,experience,personal experience
personal,information,personal information
personal,interest,personal interest
personal,knowledge,personal knowledge
personal,quality,personal quality
personal,relationship,personal relationship
personal,responsibility,personal responsibility
personal,safety,personal safety
personal,space,personal space
physical,activity,physical activity
physical,appearance,physical appearance
physical,characteristic,physical characteristic
physical,contact,physical contact
physical,development,physical development
physical,environment,physical environment
physical,feature,physical feature
physical,health,physical health
physical,need,physical need
physical,presence,physical presence
physical,property,physical property
physical,proximity,physical proximity
physical,science,physical science
physical,space,physical space
physical,symptom,physical symptom
physical,world,physical world
pilot,study,pilot study
pioneering,work,pioneering work
pivotal,role,pivotal role
place,emphasis,place emphasis
planning,stage,planning stage
plausible,explanation,plausible explanation
play,role,play role
political,activism,political activism
political,activity,political activity
political,agenda,political agenda
political,arena,political arena
political,authority,political authority
political,circumstance,political circumstance
political,climate,political climate
political,conflict,political conflict
political,consciousness,political consciousness
political,consensus,political consensus
political,consequence,political consequence
political,consideration,political consideration
political,context,political context
political,culture,political culture
political,debate,political debate
political,dimension,political dimension
political,economy,political economy
political,environment,political environment
political,factor,political factor
political,identity,political identity
political,ideology,political ideology
political,implication,political implication
political,instability,political instability
political,institution,political institution
political,leader,political leader
political,mobilization,political mobilization
political,movement,political movement
political,organization,political organization
political,participation,political participation
political,party,political party
political,philosophy,political philosophy
political,reality,political reality
political,reform,political reform
political,representation,political representation
political,significance,political significance
political,spectrum,political spectrum
political,stability,political stability
political,status,political status
political,structure,political structure
politically,correct,politically correct
popular,culture,popular culture
popular,medium,popular medium
pose,challenge,pose challenge
pose,problem,pose problem
pose,question,pose question
pose,threat,pose threat
positive,action,positive action
positive,aspect,positive aspect
positive,attitude,positive attitude
positive,connotation,positive connotation
positive,correlation,positive correlation
positive,discrimination,positive discrimination
positive,effect,positive effect
positive,feature,positive feature
positive,feedback,positive feedback
positive,image,positive image
positive,impact,positive impact
positive,influence,positive influence
positive,outcome,positive outcome
positive,relationship,positive relationship
positive,result,positive result
positive,value,positive value
positive,view,positive view
possible,consequence,possible consequence
possible,explanation,possible explanation
possible,outcome,possible outcome
possible,source,possible source
potential,benefit,potential benefit
potential,conflict,potential conflict
potential,customer,potential customer
potential,harm,potential harm
potential,impact,potential impact
potential,problem,potential problem
potential,risk,potential risk
potential,source,potential source
potential,value,potential value
potentially,dangerous,potentially dangerous
powerful,force,powerful force
powerful,group,powerful group
powerful,influence,powerful influence
powerful,tool,powerful tool
practical,consideration,practical consideration
practical,difficulty,practical difficulty
practical,issue,practical issue
practical,significance,practical significance
precede,chapter,precede chapter
precede,discussion,precede discussion
precede,section,precede section
precise,definition,precise definition
precise,nature,precise nature
predictive,power,predictive power
preferential,treatment,preferential treatment
preliminary,datum,preliminary datum
preliminary,finding,preliminary finding
preliminary,result,preliminary result
premature,death,premature death
present,argument,present argument
present,challenge,present challenge
present,context,present context
present,datum,present datum
present,difficulty,present difficulty
present,evidence,present evidence
present,summary,present summary
presidential,election,presidential election
previous,chapter,previous chapter
previous,decade,previous decade
previous,discussion,previous discussion
previous,experience,previous experience
previous,generation,previous generation
previous,knowledge,previous knowledge
previous,paragraph,previous paragraph
previous,part,previous part
previous,research,previous research
previous,section,previous section
previous,study,previous study
previous,work,previous work
primarily,responsible,primarily responsible
primary,aim,primary aim
primary,care,primary care
primary,concern,primary concern
primary,datum,primary datum
primary,education,primary education
primary,focus,primary focus
primary,function,primary function
primary,objective,primary objective
primary,purpose,primary purpose
primary,reason,primary reason
primary,research,primary research
primary,responsibility,primary responsibility
primary,source,primary source
primary,task,primary task
prime,example,prime example
prime,time,prime time
principal,source,principal source
prior,experience,prior experience
prior,knowledge,prior knowledge
private,individual,private individual
private,investment,private investment
private,sector,private sector
private,sphere,private sphere
privilege,position,privilege position
problem,area,problem area
process,datum,process datum
process,information,process information
professional,activity,professional activity
professional,body,professional body
professional,colleague,professional colleague
professional,development,professional development
professional,experience,professional experience
professional,knowledge,professional knowledge
professional,practice,professional practice
professional,qualification,professional qualification
professional,staff,professional staff
professional,standard,professional standard
professional,status,professional status
professional,support,professional support
professional,training,professional training
professional,work,professional work
profound,effect,profound effect
profound,impact,profound impact
prominent,feature,prominent feature
prominent,member,prominent member
prominent,role,prominent role
promote,development,promote development
promote,equality,promote equality
propose,legislation,propose legislation
prove,successful,prove successful
prove,useful,prove useful
provide,access,provide access
provide,alternative,provide alternative
provide,assistance,provide assistance
provide,benefit,provide benefit
provide,care,provide care
provide,clue,provide clue
provide,context,provide context
provide,coverage,provide coverage
provide,datum,provide datum
provide,evidence,provide evidence
provide,example,provide example
provide,explanation,provide explanation
provide,feedback,provide feedback
provide,feedback,provide feedback
provide,focus,provide focus
provide,foundation,provide foundation
provide,guidance,provide guidance
provide,illustration,provide illustration
provide,indication,provide indication
provide,information,provide information
provide,insight,provide insight
provide,material,provide material
provide,opportunity,provide opportunity
provide,overview,provide overview
provide,resource,provide resource
provide,service,provide service
provide,source,provide source
provide,summary,provide summary
provide,support,provide support
public,access,public access
public,administration,public administration
public,attitude,public attitude
public,authority,public authority
public,awareness,public awareness
public,debate,public debate
public,discourse,public discourse
public,display,public display
public,domain,public domain
public,expenditure,public expenditure
public,fund,public fund
public,image,public image
public,institution,public institution
public,perception,public perception
public,policy,public policy
public,sector,public sector
public,sphere,public sphere
public,transport,public transport
public,welfare,public welfare
publicly,available,publicly available
publish,article,publish article
publish,journal,publish journal
publish,literature,publish literature
publish,material,publish material
publish,report,publish report
publish,research,publish research
publish,research,publish research
publish,work,publish work
purchase,power,purchase power
qualitative,analysis,qualitative analysis
qualitative,approach,qualitative approach
qualitative,datum,qualitative datum
qualitative,method,qualitative method
qualitative,research,qualitative research
qualitative,study,qualitative study
qualitatively,different,qualitatively different
quantitative,analysis,quantitative analysis
quantitative,approach,quantitative approach
quantitative,datum,quantitative datum
quantitative,method,quantitative method
quantitative,research,quantitative research
quantitative,result,quantitative result
quantitative,study,quantitative study
racial,difference,racial difference
racial,discrimination,racial discrimination
racial,equality,racial equality
racial,group,racial group
racial,stereotype,racial stereotype
radical,change,radical change
radical,critique,radical critique
radical,difference,radical difference
radical,transformation,radical transformation
radically,different,radically different
raise,awareness,raise awareness
raise,issue,raise issue
raise,question,raise question
random,error,random error
random,sample,random sample
random,variable,random variable
rapid,expansion,rapid expansion
rapidly,change,rapidly change
rapidly,grow,rapidly grow
raw,datum,raw datum
reach,agreement,reach agreement
reach,consensus,reach consensus
reach,peak,reach peak
readily,accessible,readily accessible
readily,available,readily available
ready,access,ready access
real,issue,real issue
receive,feedback,receive feedback
receive,information,receive information
receive,treatment,receive treatment
recent,decade,recent decade
recent,evidence,recent evidence
recent,research,recent research
recent,study,recent study
recent,survey,recent survey
reciprocal,relationship,reciprocal relationship
record,datum,record datum
recurrent,theme,recurrent theme
reduce,emission,reduce emission
reduce,likelihood,reduce likelihood
reduce,stress,reduce stress
reflective,practice,reflective practice
reflective,question,reflective question
regional,development,regional development
regional,difference,regional difference
regional,variation,regional variation
regulatory,agency,regulatory agency
regulatory,framework,regulatory framework
relate,activity,relate activity
relate,area,relate area
relate,aspect,relate aspect
relate,factor,relate factor
relate,information,relate information
relate,issue,relate issue
relate,problem,relate problem
relate,question,relate question
relate,topic,relate topic
relative,autonomy,relative autonomy
relative,merit,relative merit
relative,status,relative status
relatively,common,relatively common
relatively,constant,relatively constant
relatively,few,relatively few
relatively,high,relatively high
relatively,little,relatively little
relatively,low,relatively low
relatively,minor,relatively minor
relatively,rare,relatively rare
relatively,recent,relatively recent
relatively,simple,relatively simple
relatively,stable,relatively stable
relatively,straightforward,relatively straightforward
relevant,datum,relevant datum
relevant,factor,relevant factor
relevant,information,relevant information
relevant,issue,relevant issue
relevant,literature,relevant literature
relevant,material,relevant material
reliable,datum,reliable datum
reliable,information,reliable information
religious,belief,religious belief
religious,faith,religious faith
religious,freedom,religious freedom
religious,group,religious group
religious,identity,religious identity
religious,movement,religious movement
religious,practice,religious practice
rely,heavily,rely heavily
remain,constant,remain constant
remain,stable,remain stable
remain,unchanged,remain unchanged
remain,unclear,remain unclear
remarkably,similar,remarkably similar
renew,interest,renew interest
renewable,energy,renewable energy
report,datum,report datum
report,finding,report finding
representative,government,representative government
require,consideration,require consideration
require,knowledge,require knowledge
require,resource,require resource
research,effort,research effort
research,evidence,research evidence
research,finding,research finding
research,methodology,research methodology
research,purpose,research purpose
research,topic,research topic
resolve,conflict,resolve conflict
resolve,dispute,resolve dispute
respond,appropriately,respond appropriately
review,study,review study
revise,edition,revise edition
revise,version,revise version
rich,source,rich source
rise,cost,rise cost
risk,assessment,risk assessment
roughly,equal,roughly equal
roughly,equivalent,roughly equivalent
rule,class,rule class
rule,party,rule party
rural,area,rural area
rural,community,rural community
rural,economy,rural economy
rural,population,rural population
rural,society,rural society
safe,sex,safe sex
salient,characteristic,salient characteristic
salient,feature,salient feature
scarce,resource,scarce resource
schematic,representation,schematic representation
scholarly,journal,scholarly journal
scholarly,literature,scholarly literature
scholarly,research,scholarly research
scholarly,work,scholarly work
scientific,community,scientific community
scientific,discourse,scientific discourse
scientific,evidence,scientific evidence
scientific,investigation,scientific investigation
scientific,method,scientific method
scientific,objectivity,scientific objectivity
scientific,research,scientific research
scientific,theory,scientific theory
secondary,datum,secondary datum
secondary,education,secondary education
secondary,source,secondary source
security,policy,security policy
seek,help,seek help
seek,information,seek information
seem,appropriate,seem appropriate
seem,obvious,seem obvious
seem,plausible,seem plausible
seem,unlikely,seem unlikely
seminal,study,seminal study
seminal,work,seminal work
senior,management,senior management
separate,entity,separate entity
serious,challenge,serious challenge
serious,consequence,serious consequence
serious,offence,serious offence
serve,function,serve function
service,sector,service sector
set,agenda,set agenda
set,goal,set goal
set,objective,set objective
set,parameter,set parameter
set,target,set target
sexual,abuse,sexual abuse
sexual,act,sexual act
sexual,behaviour,sexual behaviour
sexual,contact,sexual contact
sexual,difference,sexual difference
sexual,exploitation,sexual exploitation
sexual,identity,sexual identity
sexual,intercourse,sexual intercourse
sexual,orientation,sexual orientation
sexual,violence,sexual violence
share,experience,share experience
share,information,share information
share,meaning,share meaning
share,value,share value
sharp,contrast,sharp contrast
sharp,distinction,sharp distinction
shift,emphasis,shift emphasis
short,duration,short duration
short,period,short period
show,evidence,show evidence
show,tendency,show tendency
show,trend,show trend
show,variation,show variation
sign,treaty,sign treaty
significant,amount,significant amount
significant,change,significant change
significant,contribution,significant contribution
significant,correlation,significant correlation
significant,correlation,significant correlation
significant,degree,significant degree
significant,development,significant development
significant,difference,significant difference
significant,effect,significant effect
significant,factor,significant factor
significant,feature,significant feature
significant,figure,significant figure
significant,growth,significant growth
significant,impact,significant impact
significant,improvement,significant improvement
significant,increase,significant increase
significant,influence,significant influence
significant,interaction,significant interaction
significant,number,significant number
significant,part,significant part
significant,portion,significant portion
significant,proportion,significant proportion
significant,reduction,significant reduction
significant,relationship,significant relationship
significant,role,significant role
significant,shift,significant shift
significant,variation,significant variation
significantly,high,significantly high
similar,approach,similar approach
similar,argument,similar argument
similar,characteristic,similar characteristic
similar,effect,similar effect
similar,issue,similar issue
similar,pattern,similar pattern
similar,property,similar property
similar,result,similar result
similar,situation,similar situation
simple,majority,simple majority
simplify,version,simplify version
single,currency,single currency
single,element,single element
single,entity,single entity
single,individual,single individual
single,issue,single issue
single,source,single source
single,variable,single variable
skilled,worker,skilled worker
slightly,different,slightly different
slightly,high,slightly high
slow,process,slow process
small,fraction,small fraction
small,minority,small minority
small,percentage,small percentage
small,portion,small portion
small,proportion,small proportion
small,quantity,small quantity
social,activity,social activity
social,aspect,social aspect
social,attitude,social attitude
social,background,social background
social,behaviour,social behaviour
social,circumstance,social circumstance
social,conflict,social conflict
social,consequence,social consequence
social,construct,social construct
social,contact,social contact
social,context,social context
social,democracy,social democracy
social,dimension,social dimension
social,environment,social environment
social,equality,social equality
social,exclusion,social exclusion
social,expectation,social expectation
social,factor,social factor
social,function,social function
social,identity,social identity
social,implication,social implication
social,inequality,social inequality
social,institution,social institution
social,integration,social integration
social,interaction,social interaction
social,isolation,social isolation
social,mobility,social mobility
social,movement,social movement
social,norm,social norm
social,organization,social organization
social,phenomenon,social phenomenon
social,policy,social policy
social,reform,social reform
social,relationship,social relationship
social,responsibility,social responsibility
social,set,social set
social,significance,social significance
social,status,social status
social,structure,social structure
social,theory,social theory
social,transformation,social transformation
social,trend,social trend
social,welfare,social welfare
socially,acceptable,socially acceptable
socially,desirable,socially desirable
socially,responsible,socially responsible
socioeconomic,status,socioeconomic status
solar,energy,solar energy
solar,panel,solar panel
solar,power,solar power
solar,system,solar system
source,material,source material
sovereign,state,sovereign state
special,circumstance,special circumstance
special,emphasis,special emphasis
special,issue,special issue
special,relationship,special relationship
special,status,special status
specific,area,specific area
specific,aspect,specific aspect
specific,case,specific case
specific,characteristic,specific characteristic
specific,context,specific context
specific,example,specific example
specific,factor,specific factor
specific,feature,specific feature
specific,focus,specific focus
specific,form,specific form
specific,function,specific function
specific,information,specific information
specific,issue,specific issue
specific,knowledge,specific knowledge
specific,meaning,specific meaning
specific,need,specific need
specific,problem,specific problem
specific,purpose,specific purpose
specific,question,specific question
specific,reference,specific reference
specific,sense,specific sense
specific,type,specific type
standard,approach,standard approach
standard,error,standard error
standard,format,standard format
standard,method,standard method
stark,contrast,stark contrast
start,process,start process
state,explicitly,state explicitly
state,sector,state sector
statistical,analysis,statistical analysis
statistical,datum,statistical datum
statistical,information,statistical information
statistical,method,statistical method
statistical,significance,statistical significance
statistical,technique,statistical technique
statistical,test,statistical test
statistically,significant,statistically significant
store,datum,store datum
store,information,store information
strategic,decision,strategic decision
strategic,importance,strategic importance
strategic,management,strategic management
strategic,objective,strategic objective
strategic,planning,strategic planning
stress,level,stress level
strike,contrast,strike contrast
strike,example,strike example
strike,feature,strike feature
strong,bond,strong bond
strong,correlation,strong correlation
strong,emphasis,strong emphasis
strong,evidence,strong evidence
strong,link,strong link
strong,reaction,strong reaction
strong,relationship,strong relationship
strong,tendency,strong tendency
structural,adjustment,structural adjustment
structural,change,structural change
structural,element,structural element
structural,feature,structural feature
structural,property,structural property
subject,area,subject area
subsequent,analysis,subsequent analysis
subsequent,chapter,subsequent chapter
subsequent,development,subsequent development
subsequent,study,subsequent study
subsequent,work,subsequent work
substantial,amount,substantial amount
substantial,difference,substantial difference
substantial,evidence,substantial evidence
substantial,number,substantial number
substantial,part,substantial part
substantially,different,substantially different
successful,implementation,successful implementation
sufficient,condition,sufficient condition
sufficient,detail,sufficient detail
sufficient,evidence,sufficient evidence
sufficient,information,sufficient information
sufficient,resource,sufficient resource
superior,performance,superior performance
support,argument,support argument
support,evidence,support evidence
survey,datum,survey datum
symbiotic,relationship,symbiotic relationship
systematic,analysis,systematic analysis
systematic,approach,systematic approach
systematic,study,systematic study
tacit,knowledge,tacit knowledge
take,approach,take approach
take,initiative,take initiative
take,precedence,take precedence
take,responsibility,take responsibility
take,role,take role
takeinto,consideration,takeinto consideration
takeonrole,role,takeonrole role
takeup,role,takeup role
target,audience,target audience
teaching,strategy,teaching strategy
technical,aspect,technical aspect
technical,assistance,technical assistance
technical,detail,technical detail
technical,expertise,technical expertise
technical,issue,technical issue
technical,knowledge,technical knowledge
technical,problem,technical problem
technical,skill,technical skill
technical,support,technical support
technical,term,technical term
technological,advance,technological advance
technological,change,technological change
technological,development,technological development
technological,innovation,technological innovation
technological,progress,technological progress
test,score,test score
test,theory,test theory
textual,analysis,textual analysis
thematic,analysis,thematic analysis
theoretical,analysis,theoretical analysis
theoretical,approach,theoretical approach
theoretical,basis,theoretical basis
theoretical,concept,theoretical concept
theoretical,debate,theoretical debate
theoretical,framework,theoretical framework
theoretical,issue,theoretical issue
theoretical,model,theoretical model
theoretical,perspective,theoretical perspective
theoretical,study,theoretical study
theoretical,understanding,theoretical understanding
theoretical,work,theoretical work
think,differently,think differently
think,process,think process
think,process,think process
third,party,third party
top,management,top management
total,income,total income
totally,different,totally different
traditional,approach,traditional approach
traditional,culture,traditional culture
traditional,form,traditional form
traditional,method,traditional method
traditional,practice,traditional practice
traditional,research,traditional research
traditional,society,traditional society
traditional,value,traditional value
traditional,view,traditional view
transferable,skill,transferable skill
transmit,datum,transmit datum
transmit,information,transmit information
transport,system,transport system
treat,differently,treat differently
treat,equally,treat equally
typical,example,typical example
ultimate,goal,ultimate goal
undergo,transformation,undergo transformation
underlie,assumption,underlie assumption
underlie,cause,underlie cause
underlie,principle,underlie principle
underlie,process,underlie process
underlie,reason,underlie reason
underlie,structure,underlie structure
undertake,activity,undertake activity
undertake,research,undertake research
undertake,work,undertake work
unequal,power,unequal power
unfair,treatment,unfair treatment
unintende,consequence,unintende consequence
unique,individual,unique individual
unique,opportunity,unique opportunity
unique,position,unique position
unlimited,access,unlimited access
unskille,worker,unskille worker
urban,area,urban area
urban,centre,urban centre
urban,design,urban design
urban,development,urban development
urban,environment,urban environment
use,analysis,use analysis
use,approach,use approach
use,criterion,use criterion
use,definition,use definition
use,effectively,use effectively
use,format,use format
use,method,use method
use,methodology,use methodology
use,procedure,use procedure
use,resource,use resource
use,source,use source
use,sparingly,use sparingly
use,statistic,use statistic
use,strategy,use strategy
use,technique,use technique
use,theory,use theory
useconcept,concept,useconcept concept
usedata,datum,usedata datum
useful,information,useful information
useful,material,useful material
useful,mean,useful mean
useful,source,useful source
useful,summary,useful summary
useful,tool,useful tool
valid,argument,valid argument
valuable,information,valuable information
valuable,resource,valuable resource
various,aspect,various aspect
vary,considerably,vary considerably
vary,degree,vary degree
vary,greatly,vary greatly
vary,significantly,vary significantly
vary,widely,vary widely
vast,amount,vast amount
vast,area,vast area
vast,array,vast array
vast,majority,vast majority
vast,number,vast number
vast,quantity,vast quantity
vast,range,vast range
verbal,communication,verbal communication
verbal,language,verbal language
vest,interest,vest interest
virtual,community,virtual community
virtually,impossible,virtually impossible
visual,image,visual image
visual,medium,visual medium
visual,perception,visual perception
visual,representation,visual representation
vital,importance,vital importance
vital,part,vital part
vital,role,vital role
vulnerable,group,vulnerable group
welfare,reform,welfare reform
well,aware,well aware
western,democracy,western democracy
western,society,western society
western,tradition,western tradition
whole,area,whole area
whole,period,whole period
whole,range,whole range
wide,area,wide area
wide,array,wide array
wide,range,wide range
wide,variation,wide variation
widely,available,widely available
widely,different,widely different
wider,audience,wider audience
wider,community,wider community
wider,context,wider context
wider,implication,wider implication
wider,issue,wider issue
wider,public,wider public
wider,society,wider society
widespread,acceptance,widespread acceptance
widespread,belief,widespread belief
widespread,support,widespread support
widespread,use,widespread use
work,effectively,work effectively
write,comment,write comment
write,communication,write communication
write,statement,write statement
young,generation,young generation
